Entity,Code,Year,Share of Top 1% in Pre-tax national income
Argentina,ARG,1932,18.77
Argentina,ARG,1933,17.18
Argentina,ARG,1934,18.060000000000002
Argentina,ARG,1935,18.44
Argentina,ARG,1936,20.4
Argentina,ARG,1937,20.44
Argentina,ARG,1938,20.47
Argentina,ARG,1939,20.880000000000003
Argentina,ARG,1940,20.11
Argentina,ARG,1941,22.43
Argentina,ARG,1942,23.77
Argentina,ARG,1943,25.96
Argentina,ARG,1944,24.75
Argentina,ARG,1945,23.39
Argentina,ARG,1946,22.63
Argentina,ARG,1947,24.02
Argentina,ARG,1948,23.22
Argentina,ARG,1949,19.34
Argentina,ARG,1950,19.81
Argentina,ARG,1951,16.96
Argentina,ARG,1952,15.959999999999999
Argentina,ARG,1953,15.35
Argentina,ARG,1954,16.54
Argentina,ARG,1956,15.659999999999998
Argentina,ARG,1958,14.17
Argentina,ARG,1959,15.920000000000002
Argentina,ARG,1961,14.680000000000001
Argentina,ARG,1997,12.389999999999999
Argentina,ARG,1998,12.57
Argentina,ARG,1999,13.530000000000001
Argentina,ARG,2000,14.34
Argentina,ARG,2001,12.91
Argentina,ARG,2002,15.53
Argentina,ARG,2003,16.85
Argentina,ARG,2004,16.75
Australia,AUS,1921,11.63
Australia,AUS,1922,10.68
Australia,AUS,1923,11.76
Australia,AUS,1924,11.67
Australia,AUS,1925,11.31
Australia,AUS,1926,11.07
Australia,AUS,1927,11.68
Australia,AUS,1928,11.85
Australia,AUS,1929,10.67
Australia,AUS,1930,9.75
Australia,AUS,1931,9.34
Australia,AUS,1932,9.27
Australia,AUS,1933,10.32
Australia,AUS,1934,10.36
Australia,AUS,1935,10.54
Australia,AUS,1936,11.28
Australia,AUS,1937,9.83
Australia,AUS,1938,10.39
Australia,AUS,1939,10.73
Australia,AUS,1940,10.299999999999999
Australia,AUS,1941,10.780000000000001
Australia,AUS,1942,10.43
Australia,AUS,1943,10.45
Australia,AUS,1944,9.030000000000001
Australia,AUS,1945,8.44
Australia,AUS,1946,9.51
Australia,AUS,1947,10.620000000000001
Australia,AUS,1948,10.8
Australia,AUS,1949,11.26
Australia,AUS,1950,14.13
Australia,AUS,1951,9.08
Australia,AUS,1952,8.99
Australia,AUS,1953,8.709999999999999
Australia,AUS,1954,8.06
Australia,AUS,1955,7.539999999999999
Australia,AUS,1956,7.91
Australia,AUS,1957,7.04
Australia,AUS,1958,7.4399999999999995
Australia,AUS,1959,6.93
Australia,AUS,1960,6.67
Australia,AUS,1961,6.69
Australia,AUS,1962,6.800000000000001
Australia,AUS,1963,6.950000000000001
Australia,AUS,1964,6.47
Australia,AUS,1965,6.329999999999999
Australia,AUS,1966,6.140000000000001
Australia,AUS,1967,6.23
Australia,AUS,1968,6.03
Australia,AUS,1969,5.91
Australia,AUS,1970,5.57
Australia,AUS,1971,5.57
Australia,AUS,1972,5.7299999999999995
Australia,AUS,1973,5.4
Australia,AUS,1974,4.97
Australia,AUS,1975,4.89
Australia,AUS,1976,4.75
Australia,AUS,1977,4.7
Australia,AUS,1978,4.65
Australia,AUS,1979,4.61
Australia,AUS,1980,4.569999999999999
Australia,AUS,1981,4.41
Australia,AUS,1982,4.4799999999999995
Australia,AUS,1983,4.49
Australia,AUS,1984,4.54
Australia,AUS,1985,4.81
Australia,AUS,1986,5.19
Australia,AUS,1987,6.03
Australia,AUS,1988,7.03
Australia,AUS,1989,5.8999999999999995
Australia,AUS,1990,5.6899999999999995
Australia,AUS,1991,5.86
Australia,AUS,1992,5.9799999999999995
Australia,AUS,1993,6.22
Australia,AUS,1994,6.460000000000001
Australia,AUS,1995,6.4
Australia,AUS,1996,6.4399999999999995
Australia,AUS,1997,6.88
Australia,AUS,1998,7.03
Australia,AUS,1999,7.870000000000001
Australia,AUS,2000,8.19
Australia,AUS,2001,7.57
Australia,AUS,2002,7.89
Australia,AUS,2003,8.09
Australia,AUS,2004,8.39
Australia,AUS,2005,8.690000000000001
Australia,AUS,2006,9.5
Australia,AUS,2007,9.09
Australia,AUS,2008,8.08
Australia,AUS,2009,8.4
Australia,AUS,2010,8.59
Australia,AUS,2011,8.24
Australia,AUS,2012,8.540000000000001
Australia,AUS,2013,9.07
Australia,AUS,2014,9.1
Bahrain,BHR,1995,18.890367899999998
Bahrain,BHR,2005,17.9598069
Bahrain,BHR,2015,18.2357816
Brazil,BRA,2001,26.210782799999997
Brazil,BRA,2002,27.4151298
Brazil,BRA,2003,27.199134400000002
Brazil,BRA,2004,27.3154361
Brazil,BRA,2005,27.904295899999997
Brazil,BRA,2006,28.2252138
Brazil,BRA,2007,28.2933815
Brazil,BRA,2008,29.285573999999997
Brazil,BRA,2009,27.4428243
Brazil,BRA,2010,28.190199999999997
Brazil,BRA,2011,29.6147885
Brazil,BRA,2012,27.7312293
Brazil,BRA,2013,27.6511795
Brazil,BRA,2014,27.521790000000003
Brazil,BRA,2015,28.349236
Canada,CAN,1920,14.402999999999999
Canada,CAN,1921,17.602
Canada,CAN,1922,15.168999999999999
Canada,CAN,1923,14.384
Canada,CAN,1924,14.533999999999999
Canada,CAN,1925,13.175999999999998
Canada,CAN,1926,14.011000000000001
Canada,CAN,1927,14.691
Canada,CAN,1928,15.315000000000001
Canada,CAN,1929,15.642
Canada,CAN,1930,16.102
Canada,CAN,1931,16.603
Canada,CAN,1932,17.669999999999998
Canada,CAN,1933,18.032999999999998
Canada,CAN,1934,17.504
Canada,CAN,1935,16.987
Canada,CAN,1936,17.448
Canada,CAN,1937,16.256999999999998
Canada,CAN,1938,18.404999999999998
Canada,CAN,1939,16.883
Canada,CAN,1940,14.706
Canada,CAN,1941,13.297
Canada,CAN,1942,11.297
Canada,CAN,1943,10.718
Canada,CAN,1944,10.009
Canada,CAN,1945,10.120999999999999
Canada,CAN,1946,10.724
Canada,CAN,1947,10.993
Canada,CAN,1948,10.39
Canada,CAN,1949,10.685
Canada,CAN,1950,10.878
Canada,CAN,1951,10.032
Canada,CAN,1952,9.844999999999999
Canada,CAN,1953,9.876
Canada,CAN,1954,10.331
Canada,CAN,1955,10.189
Canada,CAN,1956,9.625
Canada,CAN,1957,9.639000000000001
Canada,CAN,1958,9.889000000000001
Canada,CAN,1959,9.735000000000001
Canada,CAN,1960,9.768
Canada,CAN,1961,9.926
Canada,CAN,1962,9.371
Canada,CAN,1963,9.142
Canada,CAN,1964,9.382
Canada,CAN,1965,9.200999999999999
Canada,CAN,1966,8.908000000000001
Canada,CAN,1967,8.997
Canada,CAN,1968,9.035
Canada,CAN,1969,9.008
Canada,CAN,1970,8.969000000000001
Canada,CAN,1971,8.866
Canada,CAN,1972,8.916
Canada,CAN,1973,8.982
Canada,CAN,1974,8.967
Canada,CAN,1975,8.911
Canada,CAN,1976,8.288
Canada,CAN,1977,8.011
Canada,CAN,1978,8.100999999999999
Canada,CAN,1979,8.457
Canada,CAN,1980,8.884
Canada,CAN,1981,8.546
Canada,CAN,1982,8.892
Canada,CAN,1983,8.762
Canada,CAN,1984,8.727
Canada,CAN,1985,8.88
Canada,CAN,1986,9.153
Canada,CAN,1987,9.879999999999999
Canada,CAN,1988,10.741
Canada,CAN,1989,11.903
Canada,CAN,1990,10.181999999999999
Canada,CAN,1991,10.288
Canada,CAN,1992,10.47
Canada,CAN,1993,11.2879379
Canada,CAN,1994,11.3878746
Canada,CAN,1995,10.8972157
Canada,CAN,1996,11.5042975
Canada,CAN,1997,12.4583395
Canada,CAN,1998,12.992340299999999
Canada,CAN,1999,13.247363400000001
Canada,CAN,2000,14.621724799999999
Canada,CAN,2001,13.845495199999998
Canada,CAN,2002,13.3463141
Canada,CAN,2003,13.2286008
Canada,CAN,2004,13.9682317
Canada,CAN,2005,14.7289661
Canada,CAN,2006,15.4264456
Canada,CAN,2007,15.6315968
Canada,CAN,2008,14.3774376
Canada,CAN,2009,13.298442799999998
Canada,CAN,2010,13.623251699999999
China,CHN,1978,6.3478886999999995
China,CHN,1979,6.370347
China,CHN,1980,6.4187542
China,CHN,1981,6.7104585
China,CHN,1982,6.939928200000001
China,CHN,1983,7.1132049
China,CHN,1984,7.454898999999999
China,CHN,1985,8.0038399
China,CHN,1986,7.9655349
China,CHN,1987,7.8705131999999995
China,CHN,1988,8.0020972
China,CHN,1989,8.2057364
China,CHN,1990,8.0959193
China,CHN,1991,8.317946599999999
China,CHN,1992,8.75099
China,CHN,1993,9.195184000000001
China,CHN,1994,9.438411100000001
China,CHN,1995,9.2890687
China,CHN,1996,9.5508173
China,CHN,1997,9.5521927
China,CHN,1998,9.8411001
China,CHN,1999,9.9266104
China,CHN,2000,10.3726216
China,CHN,2001,10.8681694
China,CHN,2002,12.549310899999998
China,CHN,2003,13.1317466
China,CHN,2004,13.8194114
China,CHN,2005,14.197948599999998
China,CHN,2006,14.767022399999998
China,CHN,2007,15.267130700000001
China,CHN,2008,15.1804045
China,CHN,2009,15.4133409
China,CHN,2010,15.1230261
China,CHN,2011,14.589484
China,CHN,2012,13.7501657
China,CHN,2013,13.814187
China,CHN,2014,13.660909199999999
China,CHN,2015,13.9237702
Colombia,COL,1993,20.4788702
Colombia,COL,1994,20.538325
Colombia,COL,1995,20.7621314
Colombia,COL,1996,21.2977337
Colombia,COL,1997,20.8510277
Colombia,COL,1998,19.773853799999998
Colombia,COL,1999,18.099165
Colombia,COL,2000,17.3173398
Colombia,COL,2001,17.3135309
Colombia,COL,2002,17.9553027
Colombia,COL,2003,19.9190504
Colombia,COL,2004,17.8047909
Colombia,COL,2005,18.7993946
Colombia,COL,2006,19.9389533
Colombia,COL,2007,20.4946647
Colombia,COL,2008,20.254848
Colombia,COL,2009,20.1652731
Colombia,COL,2010,20.4471701
Cote d'Ivoire,CIV,1988,20.783536899999998
Cote d'Ivoire,CIV,1993,14.9875765
Cote d'Ivoire,CIV,1998,17.5809862
Cote d'Ivoire,CIV,2002,21.027941
Cote d'Ivoire,CIV,2008,18.289654
Cote d'Ivoire,CIV,2014,17.0803556
Denmark,DNK,1870,19.4464577
Denmark,DNK,1903,16.2113552
Denmark,DNK,1908,16.4519942
Denmark,DNK,1915,24.0168985
Denmark,DNK,1917,27.613211
Denmark,DNK,1918,26.0760414
Denmark,DNK,1919,21.2834738
Denmark,DNK,1920,15.3191345
Denmark,DNK,1921,12.7803359
Denmark,DNK,1922,12.7505081
Denmark,DNK,1923,13.8596248
Denmark,DNK,1924,13.7809858
Denmark,DNK,1925,12.5421536
Denmark,DNK,1926,12.0962961
Denmark,DNK,1927,12.9592134
Denmark,DNK,1928,13.251565800000002
Denmark,DNK,1929,13.291526600000001
Denmark,DNK,1930,13.2824268
Denmark,DNK,1931,13.438573000000002
Denmark,DNK,1932,13.5260575
Denmark,DNK,1933,13.8578654
Denmark,DNK,1934,14.3603359
Denmark,DNK,1935,14.199433899999999
Denmark,DNK,1936,14.4310739
Denmark,DNK,1937,14.3137758
Denmark,DNK,1938,13.3261772
Denmark,DNK,1939,13.456414
Denmark,DNK,1940,13.816837900000001
Denmark,DNK,1941,13.6830435
Denmark,DNK,1942,13.3979648
Denmark,DNK,1943,12.0558759
Denmark,DNK,1944,11.158035199999999
Denmark,DNK,1945,11.3741181
Denmark,DNK,1946,10.5985248
Denmark,DNK,1947,10.6611239
Denmark,DNK,1948,9.8719496
Denmark,DNK,1949,9.6500945
Denmark,DNK,1950,9.4418344
Denmark,DNK,1951,9.2544137
Denmark,DNK,1952,9.0474401
Denmark,DNK,1953,8.992372999999999
Denmark,DNK,1954,8.6613317
Denmark,DNK,1955,8.7515614
Denmark,DNK,1956,8.954051100000001
Denmark,DNK,1957,8.2756242
Denmark,DNK,1958,8.613320100000001
Denmark,DNK,1959,8.73803
Denmark,DNK,1960,8.6238443
Denmark,DNK,1961,8.467861899999999
Denmark,DNK,1962,8.496400099999999
Denmark,DNK,1963,8.102594999999999
Denmark,DNK,1964,7.9070355999999995
Denmark,DNK,1965,7.7891745
Denmark,DNK,1966,7.814918799999999
Denmark,DNK,1967,7.802815000000001
Denmark,DNK,1968,8.1648993
Denmark,DNK,1970,9.1842709
Denmark,DNK,1971,8.2392548
Denmark,DNK,1972,8.2426759
Denmark,DNK,1974,7.3104162
Denmark,DNK,1975,6.800984000000001
Denmark,DNK,1976,6.6245756
Denmark,DNK,1977,6.1330256
Denmark,DNK,1978,5.7742536
Denmark,DNK,1979,5.6178813000000005
Denmark,DNK,1980,5.4717715
Denmark,DNK,1981,5.3768238
Denmark,DNK,1982,5.2137281
Denmark,DNK,1983,5.270447000000001
Denmark,DNK,1984,5.2644176
Denmark,DNK,1985,5.2122738
Denmark,DNK,1986,5.1506327
Denmark,DNK,1987,5.2447411
Denmark,DNK,1988,5.1778808000000005
Denmark,DNK,1989,5.2362329
Denmark,DNK,1990,5.1699018
Denmark,DNK,1991,5.0114744
Denmark,DNK,1992,5.0155366
Denmark,DNK,1993,5.1312261
Denmark,DNK,1994,5.0037753
Denmark,DNK,1995,5.034846
Denmark,DNK,1996,5.1197722
Denmark,DNK,1997,5.2441291
Denmark,DNK,1998,5.4004344
Denmark,DNK,1999,5.472813599999999
Denmark,DNK,2000,5.7300695
Denmark,DNK,2001,5.6241381
Denmark,DNK,2002,5.545407
Denmark,DNK,2003,5.5018694
Denmark,DNK,2004,5.5656932
Denmark,DNK,2005,5.7811993
Denmark,DNK,2006,5.9127015
Denmark,DNK,2007,6.1201959
Denmark,DNK,2008,6.0518089999999995
Denmark,DNK,2009,5.4375279
Denmark,DNK,2010,6.4146091
Egypt,EGY,1999,19.4801385
Egypt,EGY,2004,17.9938762
Egypt,EGY,2008,18.579628500000002
Egypt,EGY,2010,16.715564
Egypt,EGY,2012,16.4210469
Egypt,EGY,2015,19.130764
Finland,FIN,1920,15.265951699999999
Finland,FIN,1921,15.1964708
Finland,FIN,1922,14.8544006
Finland,FIN,1923,13.4617077
Finland,FIN,1924,12.0651991
Finland,FIN,1925,12.643314199999999
Finland,FIN,1926,13.221429200000001
Finland,FIN,1927,13.336751799999998
Finland,FIN,1928,13.4523903
Finland,FIN,1929,13.5677129
Finland,FIN,1930,13.4993018
Finland,FIN,1931,13.4308908
Finland,FIN,1932,13.414196200000001
Finland,FIN,1933,13.397547200000002
Finland,FIN,1934,13.380898199999999
Finland,FIN,1935,11.7435058
Finland,FIN,1936,12.3906636
Finland,FIN,1937,13.0360533
Finland,FIN,1938,13.0352039
Finland,FIN,1939,12.2550066
Finland,FIN,1940,11.472671700000001
Finland,FIN,1941,10.6924744
Finland,FIN,1942,9.9122771
Finland,FIN,1943,9.1320798
Finland,FIN,1944,8.349745
Finland,FIN,1945,7.569547699999999
Finland,FIN,1946,6.789350399999999
Finland,FIN,1947,6.0091531
Finland,FIN,1948,6.2339839
Finland,FIN,1949,7.7060717
Finland,FIN,1950,7.7492434
Finland,FIN,1951,8.0313544
Finland,FIN,1952,8.4831054
Finland,FIN,1953,8.511687
Finland,FIN,1954,8.9103283
Finland,FIN,1955,8.9402299
Finland,FIN,1956,9.1970867
Finland,FIN,1957,9.1842488
Finland,FIN,1958,9.918034
Finland,FIN,1959,10.0141557
Finland,FIN,1960,9.5035411
Finland,FIN,1961,10.1592079
Finland,FIN,1962,10.0117184
Finland,FIN,1963,10.1642084
Finland,FIN,1964,9.4595232
Finland,FIN,1965,9.4681467
Finland,FIN,1966,9.4703716
Finland,FIN,1967,9.536368300000001
Finland,FIN,1968,9.3125708
Finland,FIN,1969,7.836596699999999
Finland,FIN,1970,9.867419
Finland,FIN,1971,9.2594291
Finland,FIN,1972,8.704108100000001
Finland,FIN,1973,8.1012924
Finland,FIN,1974,7.458434
Finland,FIN,1975,5.9117254
Finland,FIN,1976,5.6603368000000005
Finland,FIN,1977,5.5086915
Finland,FIN,1978,5.149857900000001
Finland,FIN,1979,4.8658567999999995
Finland,FIN,1980,4.3189219
Finland,FIN,1981,3.9603233
Finland,FIN,1982,3.5494509
Finland,FIN,1983,3.4890396999999997
Finland,FIN,1984,4.1107831
Finland,FIN,1985,4.0258479
Finland,FIN,1986,3.8557012000000004
Finland,FIN,1987,5.0251522
Finland,FIN,1988,4.9584837
Finland,FIN,1989,4.7027794
Finland,FIN,1993,5.716
Finland,FIN,1994,5.67
Finland,FIN,1995,6.13
Finland,FIN,1996,5.9319999999999995
Finland,FIN,1997,6.833
Finland,FIN,1998,7.623
Finland,FIN,1999,9.46
Finland,FIN,2000,9.965
Finland,FIN,2001,8.858
Finland,FIN,2002,8.659
Finland,FIN,2003,8.758000000000001
Finland,FIN,2004,9.653
Finland,FIN,2005,7.6
Finland,FIN,2006,8.389000000000001
Finland,FIN,2007,8.258000000000001
Finland,FIN,2008,8.498
Finland,FIN,2009,7.457
France,FRA,1900,22.047639999999998
France,FRA,1910,22.946559999999998
France,FRA,1915,19.82653
France,FRA,1916,22.83942
France,FRA,1917,22.602031
France,FRA,1918,20.09422
France,FRA,1919,20.952129
France,FRA,1920,20.06876
France,FRA,1921,19.132070000000002
France,FRA,1922,20.9396
France,FRA,1923,23.27413
France,FRA,1924,21.58123
France,FRA,1925,20.95609
France,FRA,1926,20.5634
France,FRA,1927,21.26362
France,FRA,1928,21.388289
France,FRA,1929,20.021639999999998
France,FRA,1930,17.241479
France,FRA,1931,16.46197
France,FRA,1932,16.871201
France,FRA,1933,17.66022
France,FRA,1934,17.63747
France,FRA,1935,18.38599
France,FRA,1936,17.300759
France,FRA,1937,17.45286
France,FRA,1938,16.516951
France,FRA,1939,16.412979
France,FRA,1940,16.784779999999998
France,FRA,1941,16.01793
France,FRA,1942,14.648100999999999
France,FRA,1943,11.82636
France,FRA,1944,9.976170199999999
France,FRA,1945,8.4696598
France,FRA,1946,10.43331
France,FRA,1947,10.710519999999999
France,FRA,1948,9.9050403
France,FRA,1949,10.26966
France,FRA,1950,10.3416
France,FRA,1951,10.699259999999999
France,FRA,1952,10.96358
France,FRA,1953,10.83851
France,FRA,1954,11.04509
France,FRA,1955,11.26158
France,FRA,1956,10.96443
France,FRA,1957,11.23214
France,FRA,1958,10.36289
France,FRA,1959,11.21875
France,FRA,1960,11.45807
France,FRA,1961,11.566659999999999
France,FRA,1962,10.944619999999999
France,FRA,1963,10.73424
France,FRA,1964,10.844289999999999
France,FRA,1965,10.939359999999999
France,FRA,1966,10.72928
France,FRA,1967,10.71255
France,FRA,1968,10.15826
France,FRA,1969,9.903819899999998
France,FRA,1970,9.656830099999999
France,FRA,1971,9.67502
France,FRA,1972,9.4978102
France,FRA,1973,10.09459
France,FRA,1974,9.7429603
France,FRA,1975,9.105739699999999
France,FRA,1976,9.099409699999999
France,FRA,1977,8.5271403
France,FRA,1978,8.2679898
France,FRA,1979,8.5591398
France,FRA,1980,8.1749298
France,FRA,1981,8.2139798
France,FRA,1982,7.51656
France,FRA,1983,7.3300697
France,FRA,1984,7.4687198
France,FRA,1985,7.7373899999999995
France,FRA,1986,8.2470201
France,FRA,1987,9.0191498
France,FRA,1988,9.1550402
France,FRA,1989,9.5200099
France,FRA,1990,9.331560099999999
France,FRA,1991,9.147179900000001
France,FRA,1992,8.61618
France,FRA,1993,9.08591
France,FRA,1994,9.1785803
France,FRA,1995,9.2258602
France,FRA,1996,10.0334
France,FRA,1997,10.43781
France,FRA,1998,10.673879999999999
France,FRA,1999,10.60159
France,FRA,2000,11.0256
France,FRA,2001,11.318670000000001
France,FRA,2002,10.9487
France,FRA,2003,11.35222
France,FRA,2004,11.617189999999999
France,FRA,2005,11.47103
France,FRA,2006,11.23553
France,FRA,2007,11.68608
France,FRA,2008,11.569880000000001
France,FRA,2009,10.17548
France,FRA,2010,10.8437
France,FRA,2011,11.45293
France,FRA,2012,10.43197
France,FRA,2013,10.79456
France,FRA,2014,10.79653
Germany,DEU,1891,17.2778843
Germany,DEU,1892,16.8117137
Germany,DEU,1893,16.5876639
Germany,DEU,1894,16.5909349
Germany,DEU,1895,16.7740963
Germany,DEU,1896,17.1555475
Germany,DEU,1897,17.6371655
Germany,DEU,1898,18.111998
Germany,DEU,1899,18.493782
Germany,DEU,1900,18.6307327
Germany,DEU,1901,18.291216
Germany,DEU,1902,17.7809217
Germany,DEU,1903,17.6286511
Germany,DEU,1904,17.8092085
Germany,DEU,1905,18.2213879
Germany,DEU,1906,18.142623399999998
Germany,DEU,1907,17.9566939
Germany,DEU,1908,17.358057900000002
Germany,DEU,1909,17.1519457
Germany,DEU,1910,17.2376073
Germany,DEU,1911,17.4831603
Germany,DEU,1912,17.5215068
Germany,DEU,1913,17.7680017
Germany,DEU,1914,17.783063
Germany,DEU,1915,19.5290584
Germany,DEU,1916,21.3169678
Germany,DEU,1917,22.418462899999998
Germany,DEU,1918,22.1981243
Germany,DEU,1919,19.4693455
Germany,DEU,1925,11.3
Germany,DEU,1926,11.3
Germany,DEU,1927,11.5
Germany,DEU,1928,11.200000000000001
Germany,DEU,1929,11.1
Germany,DEU,1932,11.4
Germany,DEU,1933,10.9
Germany,DEU,1934,11.3
Germany,DEU,1935,12
Germany,DEU,1936,13.700000000000001
Germany,DEU,1937,15
Germany,DEU,1938,16.3
Germany,DEU,1950,11.799999999999999
Germany,DEU,1957,11.3
Germany,DEU,1961,13.3
Germany,DEU,1965,12.5
Germany,DEU,1968,11.5
Germany,DEU,1971,11.5887711
Germany,DEU,1974,10.3733436
Germany,DEU,1977,10.4489498
Germany,DEU,1980,10.7182989
Germany,DEU,1983,9.932651100000001
Germany,DEU,1986,10.5181404
Germany,DEU,1989,11.4359822
Germany,DEU,1992,10.5731035
Germany,DEU,1995,9.1500156
Germany,DEU,1998,11.9256125
Germany,DEU,2001,11.404011
Germany,DEU,2002,11.050627
Germany,DEU,2003,10.538187
Germany,DEU,2004,11.103399
Germany,DEU,2005,12.933351000000002
Germany,DEU,2006,13.224881
Germany,DEU,2007,14.035784000000001
Germany,DEU,2008,14.516539
Germany,DEU,2009,13.174146
Germany,DEU,2010,13.131283999999999
Germany,DEU,2011,12.978804
Hungary,HUN,1927,17.771
Hungary,HUN,1931,15.234
Hungary,HUN,1932,15.196000000000002
Hungary,HUN,1933,15.026
Hungary,HUN,1934,14.784
Hungary,HUN,1935,14.548
Hungary,HUN,1936,14.511
Hungary,HUN,1937,14.735000000000001
Hungary,HUN,1938,15.048
Hungary,HUN,1939,14.929
Hungary,HUN,1940,15.232999999999999
Hungary,HUN,1951,3.707
Hungary,HUN,1955,3.104
Hungary,HUN,1956,3.643
Hungary,HUN,1957,3.4229999999999996
Hungary,HUN,1958,3.354
Hungary,HUN,1960,3.137
Hungary,HUN,1961,3.1189999999999998
Hungary,HUN,1962,2.9770000000000003
Hungary,HUN,1964,3.123
Hungary,HUN,1966,2.894
Hungary,HUN,1968,2.79
Hungary,HUN,1970,3.213
Hungary,HUN,1972,3.004
Hungary,HUN,1974,2.815
Hungary,HUN,1976,2.715
Hungary,HUN,1978,2.763
Hungary,HUN,1980,2.632
Hungary,HUN,1982,2.552
Hungary,HUN,1984,2.474
Hungary,HUN,1986,2.637
Hungary,HUN,1988,3.4979999999999998
Hungary,HUN,1992,6.507000000000001
Hungary,HUN,1993,6.845999999999999
Hungary,HUN,1994,6.856
Hungary,HUN,1995,7.0489999999999995
Hungary,HUN,1996,7.754999999999999
Hungary,HUN,1997,7.936999999999999
Hungary,HUN,1998,8.196
Hungary,HUN,1999,8.596
Hungary,HUN,2000,8.968
Hungary,HUN,2001,9.539
Hungary,HUN,2002,9.163
Hungary,HUN,2003,8.969000000000001
Hungary,HUN,2004,8.801
Hungary,HUN,2005,9.733
Hungary,HUN,2006,10.059999999999999
Hungary,HUN,2007,10.47
Hungary,HUN,2008,9.639000000000001
India,IND,1922,13.094919899999999
India,IND,1923,13.1480873
India,IND,1924,14.120700999999999
India,IND,1925,12.6434207
India,IND,1926,13.036122899999999
India,IND,1927,13.3854285
India,IND,1928,13.6657506
India,IND,1929,13.2624462
India,IND,1930,13.6475414
India,IND,1931,13.3444712
India,IND,1932,16.283339299999998
India,IND,1933,16.7877346
India,IND,1934,18.3186486
India,IND,1935,20.197801300000002
India,IND,1936,19.7640598
India,IND,1937,19.105504500000002
India,IND,1938,19.6227029
India,IND,1939,20.711253600000003
India,IND,1940,19.4867909
India,IND,1941,18.871959999999998
India,IND,1943,13.768255700000001
India,IND,1944,10.410710400000001
India,IND,1945,10.606085499999999
India,IND,1947,13.0169153
India,IND,1948,11.527765500000001
India,IND,1949,10.3055857
India,IND,1950,11.723291099999999
India,IND,1951,11.5336932
India,IND,1952,11.8147999
India,IND,1953,11.1198209
India,IND,1954,12.556704899999998
India,IND,1955,13.719113199999999
India,IND,1956,13.759800799999999
India,IND,1957,14.0941724
India,IND,1958,13.6138707
India,IND,1959,12.929047599999999
India,IND,1960,13.177897
India,IND,1961,12.7142102
India,IND,1962,12.583276600000001
India,IND,1963,12.4428637
India,IND,1964,11.9904555
India,IND,1965,12.640056
India,IND,1966,12.8952876
India,IND,1967,12.5985622
India,IND,1968,12.111605
India,IND,1969,12.928091
India,IND,1970,12.9546717
India,IND,1971,11.377443399999999
India,IND,1972,10.9688617
India,IND,1973,10.2363341
India,IND,1974,10.133931
India,IND,1975,10.4062669
India,IND,1976,10.2765888
India,IND,1977,9.7386636
India,IND,1978,9.2641071
India,IND,1979,8.0163553
India,IND,1980,7.335156199999999
India,IND,1981,6.6950969
India,IND,1982,6.110023
India,IND,1983,10.3121392
India,IND,1984,8.8890441
India,IND,1985,10.4523927
India,IND,1986,10.807599900000001
India,IND,1987,10.321240099999999
India,IND,1988,11.110810899999999
India,IND,1989,11.024358900000001
India,IND,1990,10.457169299999999
India,IND,1991,10.1613671
India,IND,1992,10.005101600000001
India,IND,1993,12.469084599999999
India,IND,1994,12.358132
India,IND,1995,12.9815161
India,IND,1996,13.212680800000001
India,IND,1997,13.8265908
India,IND,1998,14.3593103
India,IND,1999,14.7020921
India,IND,2000,15.118064
India,IND,2001,15.8849448
India,IND,2002,16.6821435
India,IND,2003,17.5099596
India,IND,2004,18.3686033
India,IND,2005,19.2581832
India,IND,2006,19.6573481
India,IND,2007,20.0538099
India,IND,2008,20.4465643
India,IND,2009,20.8345905
India,IND,2010,21.21685
India,IND,2011,21.329013999999997
India,IND,2012,21.4838415
India,IND,2013,21.7153877
Indonesia,IDN,1921,11.815760000000001
Indonesia,IDN,1922,14.284820000000002
Indonesia,IDN,1923,14.81092
Indonesia,IDN,1924,14.418420000000001
Indonesia,IDN,1925,14.194049999999999
Indonesia,IDN,1926,15.00297
Indonesia,IDN,1927,15.51949
Indonesia,IDN,1928,16.37716
Indonesia,IDN,1929,16.713610000000003
Indonesia,IDN,1930,16.63663
Indonesia,IDN,1931,20.025109999999998
Indonesia,IDN,1932,21.128259999999997
Indonesia,IDN,1933,21.550549999999998
Indonesia,IDN,1934,21.51202
Indonesia,IDN,1938,19.79911
Indonesia,IDN,1939,19.86798
Indonesia,IDN,1982,7.171257000000001
Indonesia,IDN,1987,7.990506
Indonesia,IDN,1990,8.050989
Indonesia,IDN,1993,9.100852
Indonesia,IDN,1996,9.687522
Indonesia,IDN,1998,12.42205
Indonesia,IDN,1999,13.65053
Indonesia,IDN,2000,13.8157
Indonesia,IDN,2001,15.51557
Indonesia,IDN,2002,10.4735
Indonesia,IDN,2003,9.763174
Indonesia,IDN,2004,8.464683
Iran,IRN,2010,18.0172896
Iran,IRN,2013,16.264562299999998
Iraq,IRQ,2007,22.0230407
Ireland,IRL,1938,16.93
Ireland,IRL,1943,12.920000000000002
Ireland,IRL,1975,5.96
Ireland,IRL,1976,5.83
Ireland,IRL,1977,5.64
Ireland,IRL,1978,6.16
Ireland,IRL,1979,8.03
Ireland,IRL,1980,6.65
Ireland,IRL,1981,6.370000000000001
Ireland,IRL,1982,6.87
Ireland,IRL,1983,7.049999999999999
Ireland,IRL,1984,6.5
Ireland,IRL,1985,6.2700000000000005
Ireland,IRL,1986,6.15
Ireland,IRL,1987,6.140000000000001
Ireland,IRL,1988,6.15
Ireland,IRL,1989,6.38
Ireland,IRL,1990,6.64
Ireland,IRL,1991,7.3
Ireland,IRL,1992,7.829999999999999
Ireland,IRL,1993,7.55
Ireland,IRL,1994,7.93
Ireland,IRL,1995,8.19
Ireland,IRL,1996,8.48
Ireland,IRL,1997,8.73
Ireland,IRL,1998,9.67
Ireland,IRL,1999,9.44
Ireland,IRL,2000,10.3245725
Ireland,IRL,2001,9.734564800000001
Ireland,IRL,2002,9.9845037
Ireland,IRL,2003,10.2956534
Ireland,IRL,2004,10.8686002
Ireland,IRL,2005,11.6014758
Ireland,IRL,2006,12.5137285
Ireland,IRL,2007,11.6417458
Ireland,IRL,2008,10.4819333
Ireland,IRL,2009,10.5048314
Italy,ITA,1974,7.46
Italy,ITA,1975,7.24
Italy,ITA,1976,7.1
Italy,ITA,1977,6.800000000000001
Italy,ITA,1978,6.710000000000001
Italy,ITA,1979,6.83
Italy,ITA,1980,6.9
Italy,ITA,1981,6.47
Italy,ITA,1982,6.4
Italy,ITA,1983,6.34
Italy,ITA,1984,6.54
Italy,ITA,1985,6.81
Italy,ITA,1986,7.13
Italy,ITA,1987,7.449999999999999
Italy,ITA,1988,7.6
Italy,ITA,1989,7.79
Italy,ITA,1990,7.779999999999999
Italy,ITA,1991,7.84
Italy,ITA,1992,7.8100000000000005
Italy,ITA,1993,7.920000000000001
Italy,ITA,1994,7.99
Italy,ITA,1995,8.134
Italy,ITA,1998,8.74
Italy,ITA,1999,8.82
Italy,ITA,2000,9.09
Italy,ITA,2001,9.28
Italy,ITA,2002,9.28
Italy,ITA,2003,9.36
Italy,ITA,2004,9.28
Italy,ITA,2005,9.35
Italy,ITA,2006,9.721
Italy,ITA,2007,9.861
Italy,ITA,2008,9.657
Italy,ITA,2009,9.375
Japan,JPN,1886,19.136
Japan,JPN,1887,19.894000000000002
Japan,JPN,1888,17.674
Japan,JPN,1889,16.072
Japan,JPN,1890,14.330000000000002
Japan,JPN,1891,13.189
Japan,JPN,1892,14.448
Japan,JPN,1893,14.267
Japan,JPN,1894,13.398
Japan,JPN,1895,12.815999999999999
Japan,JPN,1896,13.23
Japan,JPN,1897,12.162
Japan,JPN,1898,13.569
Japan,JPN,1899,15.72
Japan,JPN,1900,16.255
Japan,JPN,1901,16.932
Japan,JPN,1902,17.991
Japan,JPN,1903,17.551
Japan,JPN,1904,16.582
Japan,JPN,1905,18.066
Japan,JPN,1906,18.115000000000002
Japan,JPN,1907,18.255
Japan,JPN,1908,18.934
Japan,JPN,1909,18.743000000000002
Japan,JPN,1910,18.878
Japan,JPN,1911,17.993000000000002
Japan,JPN,1912,17.913
Japan,JPN,1913,17.453
Japan,JPN,1914,18.552
Japan,JPN,1915,19.602
Japan,JPN,1916,19.522000000000002
Japan,JPN,1917,18.684
Japan,JPN,1918,16.622999999999998
Japan,JPN,1919,15.251000000000001
Japan,JPN,1920,17.087
Japan,JPN,1921,18.484
Japan,JPN,1922,19.551
Japan,JPN,1923,19.723
Japan,JPN,1924,19.718
Japan,JPN,1925,18.318
Japan,JPN,1926,18.547
Japan,JPN,1927,17.894
Japan,JPN,1928,18.509
Japan,JPN,1929,18.354
Japan,JPN,1930,16.783
Japan,JPN,1931,17.378
Japan,JPN,1932,17.560000000000002
Japan,JPN,1933,18.276
Japan,JPN,1934,18.96
Japan,JPN,1935,18.741
Japan,JPN,1936,18.676000000000002
Japan,JPN,1937,19.264
Japan,JPN,1938,19.922
Japan,JPN,1939,17.949
Japan,JPN,1940,16.451999999999998
Japan,JPN,1941,16.674
Japan,JPN,1942,15.110000000000001
Japan,JPN,1943,13.625000000000002
Japan,JPN,1944,10.739
Japan,JPN,1945,6.427
Japan,JPN,1947,7.377000000000001
Japan,JPN,1948,7.836
Japan,JPN,1949,7.938000000000001
Japan,JPN,1950,7.714
Japan,JPN,1951,8.048
Japan,JPN,1952,8.669
Japan,JPN,1953,8.245
Japan,JPN,1954,7.963000000000001
Japan,JPN,1955,7.648000000000001
Japan,JPN,1956,8.192
Japan,JPN,1957,8.572000000000001
Japan,JPN,1958,8.667
Japan,JPN,1959,9.054
Japan,JPN,1960,9.467
Japan,JPN,1961,9.907
Japan,JPN,1962,10.027
Japan,JPN,1963,9.008
Japan,JPN,1964,8.757
Japan,JPN,1965,8.257
Japan,JPN,1966,8.045
Japan,JPN,1967,8.110000000000001
Japan,JPN,1968,8.008
Japan,JPN,1969,10.034
Japan,JPN,1970,10.708
Japan,JPN,1971,12.991
Japan,JPN,1972,12.162
Japan,JPN,1973,13.824
Japan,JPN,1974,8.352
Japan,JPN,1975,8.99
Japan,JPN,1976,7.541
Japan,JPN,1977,7.637
Japan,JPN,1978,7.906000000000001
Japan,JPN,1979,8.402999999999999
Japan,JPN,1980,8.358
Japan,JPN,1981,8.253
Japan,JPN,1982,8.219
Japan,JPN,1983,8.229000000000001
Japan,JPN,1984,8.25
Japan,JPN,1985,8.383000000000001
Japan,JPN,1986,8.871
Japan,JPN,1987,10.296
Japan,JPN,1988,10.567
Japan,JPN,1989,11.901
Japan,JPN,1990,12.985
Japan,JPN,1991,12.136
Japan,JPN,1992,8.422
Japan,JPN,1993,8.639
Japan,JPN,1994,8.552
Japan,JPN,1995,8.669
Japan,JPN,1996,8.902000000000001
Japan,JPN,1997,8.404
Japan,JPN,1998,8.475000000000001
Japan,JPN,1999,8.738999999999999
Japan,JPN,2000,9.058
Japan,JPN,2001,9.375
Japan,JPN,2002,9.513
Japan,JPN,2003,9.796000000000001
Japan,JPN,2004,10.469000000000001
Japan,JPN,2005,11.039
Japan,JPN,2006,11.312
Japan,JPN,2007,11.347
Japan,JPN,2008,10.896
Japan,JPN,2009,10.421999999999999
Japan,JPN,2010,10.439
Jordan,JOR,1992,20.2740298
Jordan,JOR,2002,14.5766817
Jordan,JOR,2006,15.2797561
Jordan,JOR,2008,15.7012352
Jordan,JOR,2010,21.9529818
Jordan,JOR,2013,16.0985764
Korea,,1933,21.131578100000002
Korea,,1934,20.1413661
Korea,,1935,18.4404503
Korea,,1936,18.0000831
Korea,,1937,16.7657393
Korea,,1938,17.796507599999998
Korea,,1939,17.2139916
Korea,,1940,17.0233306
Korea,,1979,7.167369399999999
Korea,,1980,7.470520799999999
Korea,,1981,7.1429595
Korea,,1982,7.266286099999999
Korea,,1983,7.4587678
Korea,,1984,7.3483578
Korea,,1985,7.1576555
Korea,,1995,6.8762238
Korea,,1996,7.269753499999999
Korea,,1997,7.4929097
Korea,,1998,6.581875500000001
Korea,,1999,7.5450539
Korea,,2000,8.1875094
Korea,,2001,8.5548368
Korea,,2002,9.1631766
Korea,,2003,9.2217468
Korea,,2004,9.6386398
Korea,,2005,9.9633156
Korea,,2006,10.7759303
Korea,,2007,11.2831881
Korea,,2008,11.372404999999999
Korea,,2009,11.3328179
Korea,,2010,11.7593587
Korea,,2011,12.2461214
Korea,,2012,12.2270409
Kuwait,KWT,2007,18.351863700000003
Kuwait,KWT,2013,17.6905227
Lebanon,LBN,2005,21.5680376
Lebanon,LBN,2006,21.3116921
Lebanon,LBN,2007,23.592812199999997
Lebanon,LBN,2008,23.6936709
Lebanon,LBN,2009,23.1453385
Lebanon,LBN,2010,23.260642100000002
Lebanon,LBN,2011,23.4881195
Lebanon,LBN,2012,23.5026107
Lebanon,LBN,2013,23.3154319
Lebanon,LBN,2014,23.3994607
Malaysia,MYS,1951,8.7628413
Malaysia,MYS,1955,10.1362574
Malaysia,MYS,1956,10.4822409
Malaysia,MYS,1957,10.274229799999999
Malaysia,MYS,1958,10.672311800000001
Malaysia,MYS,1959,10.6392138
Malaysia,MYS,1960,10.8146258
Malaysia,MYS,1961,11.8715945
Malaysia,MYS,1962,11.0654404
Malaysia,MYS,1963,11.6412606
Malaysia,MYS,1964,12.016328
Malaysia,MYS,1965,12.990511800000002
Malaysia,MYS,1966,10.855704
Malaysia,MYS,1967,10.7199791
Malaysia,MYS,1968,11.697039
Malaysia,MYS,1969,11.2780933
Malaysia,MYS,1970,10.9884791
Malaysia,MYS,1971,11.5117846
Malaysia,MYS,1972,11.5064255
Malaysia,MYS,1973,10.685698
Malaysia,MYS,1974,9.2908647
Malaysia,MYS,1975,10.4037385
Malaysia,MYS,1983,7.8702125
Malaysia,MYS,1984,8.350810000000001
Malaysia,MYS,1985,9.079259200000001
Malaysia,MYS,1986,9.657568699999999
Malaysia,MYS,1988,7.902748699999999
Malaysia,MYS,1993,9.1885293
Malaysia,MYS,1994,8.9742938
Malaysia,MYS,1995,8.883567600000001
Malaysia,MYS,2000,8.184773100000001
Malaysia,MYS,2001,7.9574188
Malaysia,MYS,2002,8.932451499999999
Malaysia,MYS,2003,9.4818111
Malaysia,MYS,2005,9.4549464
Malaysia,MYS,2009,9.413004299999999
Malaysia,MYS,2010,9.4252682
Malaysia,MYS,2011,8.9485153
Malaysia,MYS,2012,9.1103273
Mauritius,MUS,1947,11.216235600000001
Mauritius,MUS,1948,10.8158718
Mauritius,MUS,1949,9.534773000000001
Mauritius,MUS,1952,9.9998199
Mauritius,MUS,1953,10.0263668
Mauritius,MUS,1954,9.6915323
Mauritius,MUS,1955,9.4356176
Mauritius,MUS,1956,9.9503798
Mauritius,MUS,1957,10.0581788
Mauritius,MUS,1958,9.826800500000001
Mauritius,MUS,1959,10.8109699
Mauritius,MUS,1960,11.233409499999999
Mauritius,MUS,1961,11.1689864
Mauritius,MUS,1962,9.4947587
Mauritius,MUS,1963,12.612155
Mauritius,MUS,1964,11.0491364
Mauritius,MUS,1965,10.440198
Mauritius,MUS,1966,10.3456135
Mauritius,MUS,1967,10.9110159
Mauritius,MUS,1968,9.7726315
Mauritius,MUS,1969,10.8685177
Mauritius,MUS,1970,11.503816
Mauritius,MUS,1971,10.441098799999999
Mauritius,MUS,1972,9.6999402
Mauritius,MUS,1975,10.118413
Mauritius,MUS,1976,8.2908255
Mauritius,MUS,1977,7.476413699999999
Mauritius,MUS,1978,6.7658157999999995
Mauritius,MUS,1979,6.8374528
Mauritius,MUS,1980,6.7200199000000005
Mauritius,MUS,1981,6.2472015
Mauritius,MUS,1982,5.7952689
Mauritius,MUS,1983,5.3946643000000005
Mauritius,MUS,1984,4.992405300000001
Mauritius,MUS,1985,4.9747939
Mauritius,MUS,1986,4.9503426
Mauritius,MUS,1987,4.9182631
Mauritius,MUS,1988,4.2334591
Mauritius,MUS,1989,4.7554671
Mauritius,MUS,1990,4.9308785
Mauritius,MUS,1991,5.0126443
Mauritius,MUS,1993,4.5370117
Mauritius,MUS,1994,4.6893041
Mauritius,MUS,1995,4.621027300000001
Mauritius,MUS,1996,4.517824699999999
Mauritius,MUS,1997,4.4976858
Mauritius,MUS,1998,4.7493491
Mauritius,MUS,2001,4.8509075
Mauritius,MUS,2002,3.8960779
Mauritius,MUS,2003,5.1331492
Mauritius,MUS,2004,5.275689900000001
Mauritius,MUS,2005,4.9756013
Mauritius,MUS,2006,5.9585377
Mauritius,MUS,2007,6.5180084
Mauritius,MUS,2008,7.1168241
Mauritius,MUS,2010,7.0346457000000004
Mauritius,MUS,2011,7.0823338
Netherlands,NLD,1914,20.96
Netherlands,NLD,1915,25.580000000000002
Netherlands,NLD,1916,27.88
Netherlands,NLD,1917,26.51
Netherlands,NLD,1918,21.95
Netherlands,NLD,1919,23.74
Netherlands,NLD,1920,20.59
Netherlands,NLD,1921,18.29
Netherlands,NLD,1922,16.82
Netherlands,NLD,1923,16.45
Netherlands,NLD,1924,17.34
Netherlands,NLD,1925,17.75
Netherlands,NLD,1926,17.990000000000002
Netherlands,NLD,1927,18.37
Netherlands,NLD,1928,18.63
Netherlands,NLD,1929,18.09
Netherlands,NLD,1930,17.150000000000002
Netherlands,NLD,1931,15.590000000000002
Netherlands,NLD,1932,14.430000000000001
Netherlands,NLD,1933,14.2
Netherlands,NLD,1934,14.02
Netherlands,NLD,1935,14.000000000000002
Netherlands,NLD,1936,14.829999999999998
Netherlands,NLD,1937,16.05
Netherlands,NLD,1938,15.68
Netherlands,NLD,1939,15.790000000000001
Netherlands,NLD,1941,17.64
Netherlands,NLD,1946,12.86
Netherlands,NLD,1950,12.049999999999999
Netherlands,NLD,1952,12.61
Netherlands,NLD,1953,11.99
Netherlands,NLD,1957,10.39
Netherlands,NLD,1958,11.29
Netherlands,NLD,1959,10.43
Netherlands,NLD,1962,10.58
Netherlands,NLD,1964,10.07
Netherlands,NLD,1966,9.46
Netherlands,NLD,1967,9.26
Netherlands,NLD,1970,8.64
Netherlands,NLD,1973,6.9
Netherlands,NLD,1975,6.12
Netherlands,NLD,1977,6.01
Netherlands,NLD,1981,5.8500000000000005
Netherlands,NLD,1985,5.92
Netherlands,NLD,1989,5.7
Netherlands,NLD,1990,5.56
Netherlands,NLD,1991,5.54
Netherlands,NLD,1992,5.5
Netherlands,NLD,1993,5.24
Netherlands,NLD,1994,5.33
Netherlands,NLD,1995,5.37
Netherlands,NLD,1996,5.390000000000001
Netherlands,NLD,1997,5.46
Netherlands,NLD,1998,5.29
Netherlands,NLD,1999,5.38
Netherlands,NLD,2000,5.6132222
Netherlands,NLD,2001,6.6410515000000006
Netherlands,NLD,2002,6.5452835
Netherlands,NLD,2003,6.3550336
Netherlands,NLD,2004,6.659185600000001
Netherlands,NLD,2005,6.8069779
Netherlands,NLD,2006,6.8429088
Netherlands,NLD,2007,7.5695416
Netherlands,NLD,2008,6.7629202
Netherlands,NLD,2009,6.4324342
Netherlands,NLD,2010,6.4480968999999995
Netherlands,NLD,2011,6.331659
Netherlands,NLD,2012,6.3331254
New Zealand,NZL,1921,11.344765299999999
New Zealand,NZL,1922,10.4673469
New Zealand,NZL,1923,10.943855500000002
New Zealand,NZL,1924,10.885344499999999
New Zealand,NZL,1925,11.0817476
New Zealand,NZL,1926,10.83987
New Zealand,NZL,1927,10.643642400000001
New Zealand,NZL,1928,11.4680169
New Zealand,NZL,1929,10.989526600000001
New Zealand,NZL,1930,10.568298
New Zealand,NZL,1933,10.857153199999999
New Zealand,NZL,1934,10.423104
New Zealand,NZL,1935,10.3608962
New Zealand,NZL,1936,10.6632033
New Zealand,NZL,1937,8.3312105
New Zealand,NZL,1938,7.321330099999999
New Zealand,NZL,1939,7.8461725
New Zealand,NZL,1940,7.4171024
New Zealand,NZL,1945,6.880597099999999
New Zealand,NZL,1946,7.502756
New Zealand,NZL,1947,7.717318099999999
New Zealand,NZL,1948,7.7367354
New Zealand,NZL,1949,8.0175759
New Zealand,NZL,1950,9.4369387
New Zealand,NZL,1951,7.8827567
New Zealand,NZL,1952,7.943048900000001
New Zealand,NZL,1953,9.8967125
New Zealand,NZL,1954,9.5428873
New Zealand,NZL,1955,8.7559603
New Zealand,NZL,1956,8.9098491
New Zealand,NZL,1957,8.653483
New Zealand,NZL,1958,7.256806200000001
New Zealand,NZL,1959,7.6024308
New Zealand,NZL,1960,7.4372354000000005
New Zealand,NZL,1962,7.2517887000000005
New Zealand,NZL,1963,7.287754100000001
New Zealand,NZL,1964,7.4244807999999995
New Zealand,NZL,1965,6.7232732
New Zealand,NZL,1966,6.5616049
New Zealand,NZL,1967,6.5891029
New Zealand,NZL,1968,6.715412
New Zealand,NZL,1969,6.6978268
New Zealand,NZL,1970,6.639184500000001
New Zealand,NZL,1971,6.4325627
New Zealand,NZL,1972,7.0779636
New Zealand,NZL,1973,7.4669444
New Zealand,NZL,1974,7.546642200000001
New Zealand,NZL,1975,6.557200000000001
New Zealand,NZL,1976,7.481017500000001
New Zealand,NZL,1977,6.1309450000000005
New Zealand,NZL,1978,6.1167267999999995
New Zealand,NZL,1979,5.7737271
New Zealand,NZL,1980,5.6525855
New Zealand,NZL,1981,5.5024543
New Zealand,NZL,1982,5.4864406
New Zealand,NZL,1983,5.6805033
New Zealand,NZL,1984,5.5996799
New Zealand,NZL,1985,5.5096508
New Zealand,NZL,1986,4.8809463
New Zealand,NZL,1987,5.4779852
New Zealand,NZL,1988,5.346159200000001
New Zealand,NZL,1989,6.5871553
New Zealand,NZL,1990,8.2100682
New Zealand,NZL,1991,7.9608226
New Zealand,NZL,1992,8.4045989
New Zealand,NZL,1993,8.758578
New Zealand,NZL,1994,9.0005949
New Zealand,NZL,1995,8.9785003
New Zealand,NZL,1996,8.9248312
New Zealand,NZL,1997,9.162282900000001
New Zealand,NZL,1998,10.214264700000001
New Zealand,NZL,1999,13.443191400000002
New Zealand,NZL,2000,7.918347000000001
New Zealand,NZL,2001,8.3236129
New Zealand,NZL,2002,8.3412147
New Zealand,NZL,2003,8.8144442
New Zealand,NZL,2004,9.405948
New Zealand,NZL,2005,8.660687
New Zealand,NZL,2006,8.139695
New Zealand,NZL,2007,7.8251124
New Zealand,NZL,2008,8.106512200000001
New Zealand,NZL,2009,7.837098200000001
New Zealand,NZL,2010,7.402
New Zealand,NZL,2011,8.16
New Zealand,NZL,2012,8.94
New Zealand,NZL,2013,7.779999999999999
New Zealand,NZL,2014,8.09
Norway,NOR,1875,18.3652506
Norway,NOR,1888,20.531237
Norway,NOR,1892,20.4843579
Norway,NOR,1893,20.1421935
Norway,NOR,1894,20.5248397
Norway,NOR,1895,20.5109168
Norway,NOR,1896,19.8548161
Norway,NOR,1897,20.3546915
Norway,NOR,1898,20.7882485
Norway,NOR,1899,20.3812342
Norway,NOR,1900,20.1806212
Norway,NOR,1901,19.8407865
Norway,NOR,1902,19.7064135
Norway,NOR,1903,19.4591463
Norway,NOR,1906,17.9817053
Norway,NOR,1910,10.4471288
Norway,NOR,1913,11.6102279
Norway,NOR,1929,12.5749487
Norway,NOR,1938,12.7216122
Norway,NOR,1948,9.0950742
Norway,NOR,1949,8.884855799999999
Norway,NOR,1950,8.7568634
Norway,NOR,1951,8.156971200000001
Norway,NOR,1952,6.9300973
Norway,NOR,1953,7.136485400000001
Norway,NOR,1954,6.8596698
Norway,NOR,1955,7.2037035
Norway,NOR,1957,7.876322299999999
Norway,NOR,1958,7.7646732
Norway,NOR,1959,7.393718300000001
Norway,NOR,1960,6.942103500000001
Norway,NOR,1961,6.7583039
Norway,NOR,1962,6.5698089
Norway,NOR,1963,6.4267758
Norway,NOR,1964,6.2761583
Norway,NOR,1965,5.9854981
Norway,NOR,1966,5.994978
Norway,NOR,1967,5.6725879
Norway,NOR,1968,5.8030419
Norway,NOR,1969,5.9260883
Norway,NOR,1970,5.8530989
Norway,NOR,1971,5.9070525
Norway,NOR,1972,5.7432318
Norway,NOR,1973,5.6413727
Norway,NOR,1974,5.4798069
Norway,NOR,1975,5.4085913
Norway,NOR,1976,5.3074598
Norway,NOR,1977,5.325418
Norway,NOR,1978,4.934414899999999
Norway,NOR,1979,4.914608
Norway,NOR,1980,4.6029377
Norway,NOR,1981,4.4709826
Norway,NOR,1982,4.425242900000001
Norway,NOR,1983,4.4161615
Norway,NOR,1984,4.3895645
Norway,NOR,1985,4.4496927
Norway,NOR,1986,4.374166
Norway,NOR,1987,4.4147859
Norway,NOR,1988,4.3323812
Norway,NOR,1989,4.1272621
Norway,NOR,1990,4.283453000000001
Norway,NOR,1991,4.3734884
Norway,NOR,1992,5.3811541
Norway,NOR,1993,6.973070100000001
Norway,NOR,1994,7.4266949
Norway,NOR,1995,7.359735000000001
Norway,NOR,1996,7.9626031
Norway,NOR,1997,8.611748700000001
Norway,NOR,1998,7.9921536
Norway,NOR,1999,8.384951599999999
Norway,NOR,2000,10.3137436
Norway,NOR,2001,7.3595033
Norway,NOR,2002,9.612865399999999
Norway,NOR,2003,10.3969316
Norway,NOR,2004,11.6226082
Norway,NOR,2005,16.4857731
Norway,NOR,2006,7.8596311000000005
Norway,NOR,2007,8.5424261
Norway,NOR,2008,7.7018514
Norway,NOR,2009,7.110443599999999
Norway,NOR,2010,7.7419595999999995
Norway,NOR,2011,7.803413900000001
Oman,OMN,2010,18.4354391
Palestine,PSE,1996,13.8023916
Palestine,PSE,1997,14.0360709
Palestine,PSE,1998,14.408648099999999
Palestine,PSE,2004,14.702403
Palestine,PSE,2005,15.578926300000001
Palestine,PSE,2006,14.859682
Palestine,PSE,2007,16.548390700000002
Palestine,PSE,2008,14.4165562
Palestine,PSE,2010,16.8484672
Palestine,PSE,2011,15.814313199999999
Poland,POL,1983,4.199565000000001
Poland,POL,1984,4.7298615
Poland,POL,1985,4.1544043
Poland,POL,1986,4.1509406
Poland,POL,1987,4.2873686
Poland,POL,1988,4.1377168
Poland,POL,1989,4.4037185
Poland,POL,1992,7.638364999999999
Poland,POL,1993,8.4349521
Poland,POL,1994,9.8926088
Poland,POL,1995,10.9642695
Poland,POL,1996,9.402429
Poland,POL,1997,10.266850600000001
Poland,POL,1998,11.0382437
Poland,POL,1999,10.4433186
Poland,POL,2000,10.441457699999999
Poland,POL,2001,10.9246181
Poland,POL,2002,11.1651367
Poland,POL,2003,10.2892551
Poland,POL,2004,11.982072500000001
Poland,POL,2005,12.130145
Poland,POL,2006,13.1678155
Poland,POL,2007,13.3973391
Poland,POL,2008,13.0786895
Poland,POL,2009,12.3062705
Poland,POL,2010,11.9508632
Poland,POL,2011,12.1144222
Poland,POL,2012,12.2013362
Poland,POL,2013,12.1006429
Poland,POL,2014,12.8513194
Poland,POL,2015,13.3416422
Portugal,PRT,1976,7.89
Portugal,PRT,1977,6.4
Portugal,PRT,1978,5.7700000000000005
Portugal,PRT,1979,4.52
Portugal,PRT,1980,4.32
Portugal,PRT,1981,3.9699999999999998
Portugal,PRT,1982,4.79
Portugal,PRT,1989,6.84
Portugal,PRT,1990,7.21
Portugal,PRT,1991,7.46
Portugal,PRT,1992,7.580000000000001
Portugal,PRT,1993,8.06
Portugal,PRT,1994,8.19
Portugal,PRT,1995,8.41
Portugal,PRT,1996,8.450000000000001
Portugal,PRT,1997,8.780000000000001
Portugal,PRT,1998,8.780000000000001
Portugal,PRT,1999,9.229999999999999
Portugal,PRT,2000,9.09
Portugal,PRT,2001,9.65
Portugal,PRT,2002,8.97
Portugal,PRT,2003,9.13
Portugal,PRT,2004,9.615
Portugal,PRT,2005,9.767000000000001
Qatar,QAT,2007,17.2678723
Qatar,QAT,2012,18.6847729
Russia,RUS,1905,17.9861502
Russia,RUS,1928,3.6280627
Russia,RUS,1934,4.2495531
Russia,RUS,1956,5.4787601
Russia,RUS,1959,4.5760637
Russia,RUS,1961,4.4800353
Russia,RUS,1964,4.3028832
Russia,RUS,1966,4.0553356
Russia,RUS,1968,3.7733012
Russia,RUS,1972,3.9409333999999996
Russia,RUS,1976,3.7978787
Russia,RUS,1980,3.4531406000000002
Russia,RUS,1985,4.3839188
Russia,RUS,1988,4.8104496
Russia,RUS,1989,5.3985126
Russia,RUS,1990,7.335659499999999
Russia,RUS,1991,8.3915512
Russia,RUS,1992,10.1051315
Russia,RUS,1993,11.1382247
Russia,RUS,1994,11.830440000000001
Russia,RUS,1995,14.034012
Russia,RUS,1996,15.839004300000001
Russia,RUS,1997,15.1973567
Russia,RUS,1998,15.1411787
Russia,RUS,1999,18.0953311
Russia,RUS,2000,20.6899014
Russia,RUS,2001,24.5623529
Russia,RUS,2002,24.490246199999998
Russia,RUS,2003,24.2778184
Russia,RUS,2004,22.7584552
Russia,RUS,2005,24.9141929
Russia,RUS,2006,25.424053899999997
Russia,RUS,2007,26.9107753
Russia,RUS,2008,25.075863799999997
Russia,RUS,2009,21.1754189
Russia,RUS,2010,20.0311527
Russia,RUS,2011,21.4779636
Russia,RUS,2012,19.8423882
Russia,RUS,2013,21.0763663
Russia,RUS,2014,20.3930267
Russia,RUS,2015,20.2365447
Saudi Arabia,SAU,2008,16.0081742
Seychelles,SYC,1955,23.663557700000002
Seychelles,SYC,1961,28.144949000000004
Seychelles,SYC,1962,27.798620099999997
Seychelles,SYC,1963,28.601514500000004
Seychelles,SYC,1964,27.3872049
Seychelles,SYC,1965,27.147670899999998
Seychelles,SYC,1966,24.5358062
Seychelles,SYC,1967,22.2056846
Seychelles,SYC,1968,25.612176800000004
Seychelles,SYC,1969,23.0329343
Seychelles,SYC,1970,17.5844954
Seychelles,SYC,1971,14.047164
Singapore,SGP,1947,10.9375885
Singapore,SGP,1948,10.9321692
Singapore,SGP,1949,10.375597899999999
Singapore,SGP,1950,12.739832400000001
Singapore,SGP,1951,14.7852858
Singapore,SGP,1952,13.8000477
Singapore,SGP,1953,12.4928241
Singapore,SGP,1954,12.3931412
Singapore,SGP,1956,12.4155643
Singapore,SGP,1957,12.2941169
Singapore,SGP,1958,11.7035101
Singapore,SGP,1959,13.0547582
Singapore,SGP,1960,10.9673948
Singapore,SGP,1961,11.1901682
Singapore,SGP,1962,11.067370799999999
Singapore,SGP,1963,10.9349742
Singapore,SGP,1964,12.624439100000002
Singapore,SGP,1965,10.912163099999999
Singapore,SGP,1966,10.363617
Singapore,SGP,1967,10.225876
Singapore,SGP,1968,10.6257132
Singapore,SGP,1969,10.1801272
Singapore,SGP,1970,10.7654821
Singapore,SGP,1971,10.5713555
Singapore,SGP,1972,10.8006129
Singapore,SGP,1973,11.145672
Singapore,SGP,1974,10.4571599
Singapore,SGP,1975,10.5655006
Singapore,SGP,1976,10.4088181
Singapore,SGP,1977,10.0189383
Singapore,SGP,1978,10.2954396
Singapore,SGP,1979,11.1496426
Singapore,SGP,1980,10.588140899999999
Singapore,SGP,1981,10.602983400000001
Singapore,SGP,1982,10.7911703
Singapore,SGP,1983,10.4469254
Singapore,SGP,1984,10.1651691
Singapore,SGP,1985,10.672377399999998
Singapore,SGP,1986,10.2635145
Singapore,SGP,1987,11.4090513
Singapore,SGP,1988,10.7181067
Singapore,SGP,1989,11.3005569
Singapore,SGP,1990,11.2232133
Singapore,SGP,1991,10.4299847
Singapore,SGP,1993,10.5311121
Singapore,SGP,1994,10.023973999999999
Singapore,SGP,1995,9.8361128
Singapore,SGP,1996,9.986679
Singapore,SGP,1997,10.3121884
Singapore,SGP,1998,11.1021619
Singapore,SGP,1999,12.7809567
Singapore,SGP,2000,13.262294899999999
Singapore,SGP,2001,15.0671538
Singapore,SGP,2002,15.0643372
Singapore,SGP,2003,14.243232899999999
Singapore,SGP,2004,13.600500700000001
Singapore,SGP,2005,13.596279
Singapore,SGP,2006,14.2273274
Singapore,SGP,2007,14.057408399999998
Singapore,SGP,2008,15.1511157
Singapore,SGP,2009,13.6615095
Singapore,SGP,2010,13.393764599999999
Singapore,SGP,2011,13.850000000000001
Singapore,SGP,2012,13.569999999999999
Singapore,SGP,2013,13.574776
Singapore,SGP,2014,14.0237106
South Africa,ZAF,1914,22.0328819
South Africa,ZAF,1915,21.951109799999998
South Africa,ZAF,1916,22.0617965
South Africa,ZAF,1917,22.8945169
South Africa,ZAF,1918,21.0975983
South Africa,ZAF,1919,19.0954717
South Africa,ZAF,1920,20.3098475
South Africa,ZAF,1921,21.8178444
South Africa,ZAF,1922,19.2207218
South Africa,ZAF,1923,19.5271944
South Africa,ZAF,1924,19.9657579
South Africa,ZAF,1925,20.6131154
South Africa,ZAF,1926,20.1966784
South Africa,ZAF,1927,19.9927806
South Africa,ZAF,1928,20.0804083
South Africa,ZAF,1929,20.1473804
South Africa,ZAF,1930,20.5340421
South Africa,ZAF,1931,20.3426356
South Africa,ZAF,1932,19.7712364
South Africa,ZAF,1933,19.455845699999998
South Africa,ZAF,1934,18.537585200000002
South Africa,ZAF,1935,18.865011000000003
South Africa,ZAF,1936,18.4926477
South Africa,ZAF,1937,17.7615832
South Africa,ZAF,1938,17.0931052
South Africa,ZAF,1939,16.0196762
South Africa,ZAF,1944,18.2384273
South Africa,ZAF,1945,20.438283300000002
South Africa,ZAF,1946,23.613419399999998
South Africa,ZAF,1947,21.2888006
South Africa,ZAF,1948,22.093161
South Africa,ZAF,1949,17.739215299999998
South Africa,ZAF,1954,14.1619512
South Africa,ZAF,1955,14.424932700000001
South Africa,ZAF,1956,13.9203407
South Africa,ZAF,1957,13.5557649
South Africa,ZAF,1958,12.9255748
South Africa,ZAF,1959,12.592229399999999
South Africa,ZAF,1961,11.7898762
South Africa,ZAF,1963,13.200000000000001
South Africa,ZAF,1964,13.671
South Africa,ZAF,1965,13.258000000000001
South Africa,ZAF,1967,12.635
South Africa,ZAF,1969,13.379
South Africa,ZAF,1971,12.899
South Africa,ZAF,1974,12.937999999999999
South Africa,ZAF,1975,12.178
South Africa,ZAF,1978,10.354
South Africa,ZAF,1979,9.93
South Africa,ZAF,1980,10.893
South Africa,ZAF,1981,11.349
South Africa,ZAF,1982,11.998000000000001
South Africa,ZAF,1983,11.34
South Africa,ZAF,1984,11.299
South Africa,ZAF,1985,10.639999999999999
South Africa,ZAF,1986,10.352
South Africa,ZAF,1987,8.774999999999999
South Africa,ZAF,1988,9.882
South Africa,ZAF,1990,9.851
South Africa,ZAF,1991,10.536
South Africa,ZAF,1992,10.564
South Africa,ZAF,1993,10.266
South Africa,ZAF,2002,16.6133725
South Africa,ZAF,2003,16.9206309
South Africa,ZAF,2004,17.084081100000002
South Africa,ZAF,2005,17.9738857
South Africa,ZAF,2006,19.0023668
South Africa,ZAF,2007,20.056359800000003
South Africa,ZAF,2008,19.4647344
South Africa,ZAF,2009,18.2843832
South Africa,ZAF,2010,18.541273099999998
South Africa,ZAF,2011,18.4595135
South Africa,ZAF,2012,19.2128114
Spain,ESP,1981,7.628
Spain,ESP,1982,7.953
Spain,ESP,1983,7.792000000000001
Spain,ESP,1984,7.811999999999999
Spain,ESP,1985,8.119
Spain,ESP,1986,8.878
Spain,ESP,1987,9.152000000000001
Spain,ESP,1988,9.186
Spain,ESP,1989,9.01
Spain,ESP,1990,8.802999999999999
Spain,ESP,1991,8.469
Spain,ESP,1992,8.422
Spain,ESP,1993,8.219
Spain,ESP,1994,8.271
Spain,ESP,1995,8.286999999999999
Spain,ESP,1996,8.286
Spain,ESP,1997,8.431
Spain,ESP,1998,8.844000000000001
Spain,ESP,1999,9.345
Spain,ESP,2000,9.748999999999999
Spain,ESP,2001,9.632
Spain,ESP,2002,9.322
Spain,ESP,2003,9.914000000000001
Spain,ESP,2004,10.228
Spain,ESP,2005,11
Spain,ESP,2006,12.741
Spain,ESP,2007,11.236
Spain,ESP,2008,9.827
Spain,ESP,2009,9.298
Spain,ESP,2010,8.687000000000001
Spain,ESP,2011,9.034
Spain,ESP,2012,8.576
Sweden,SWE,1903,18.4146808
Sweden,SWE,1907,21.48
Sweden,SWE,1911,19.580000000000002
Sweden,SWE,1912,20.94
Sweden,SWE,1916,28.060000000000002
Sweden,SWE,1919,16.35
Sweden,SWE,1920,13.489999999999998
Sweden,SWE,1930,13.750000000000002
Sweden,SWE,1934,11.95
Sweden,SWE,1935,12.32
Sweden,SWE,1941,10.299999999999999
Sweden,SWE,1943,10.45
Sweden,SWE,1944,10.05
Sweden,SWE,1945,9.78
Sweden,SWE,1946,10.100000000000001
Sweden,SWE,1947,8.66
Sweden,SWE,1948,7.960000000000001
Sweden,SWE,1949,7.71
Sweden,SWE,1950,7.670000000000001
Sweden,SWE,1951,7.430000000000001
Sweden,SWE,1952,6.890000000000001
Sweden,SWE,1953,6.99
Sweden,SWE,1954,6.99
Sweden,SWE,1955,6.859999999999999
Sweden,SWE,1956,6.7299999999999995
Sweden,SWE,1957,6.890000000000001
Sweden,SWE,1958,6.890000000000001
Sweden,SWE,1959,7.08
Sweden,SWE,1960,6.909999999999999
Sweden,SWE,1961,6.8500000000000005
Sweden,SWE,1962,6.72
Sweden,SWE,1963,6.710000000000001
Sweden,SWE,1964,6.569999999999999
Sweden,SWE,1965,6.54
Sweden,SWE,1966,6.41
Sweden,SWE,1967,6.619999999999999
Sweden,SWE,1968,6.69
Sweden,SWE,1969,6.569999999999999
Sweden,SWE,1970,6.32
Sweden,SWE,1971,5.93
Sweden,SWE,1972,5.81
Sweden,SWE,1973,5.76
Sweden,SWE,1974,5.680000000000001
Sweden,SWE,1975,5.41
Sweden,SWE,1976,5.07
Sweden,SWE,1977,4.77
Sweden,SWE,1978,4.5600000000000005
Sweden,SWE,1979,4.33
Sweden,SWE,1980,4.130000000000001
Sweden,SWE,1981,4.07
Sweden,SWE,1982,4.08
Sweden,SWE,1983,4.45
Sweden,SWE,1984,4.36
Sweden,SWE,1985,4.590000000000001
Sweden,SWE,1986,4.49
Sweden,SWE,1987,4.73
Sweden,SWE,1988,5.08
Sweden,SWE,1989,5.45
Sweden,SWE,1990,5.2
Sweden,SWE,1991,6.950000000000001
Sweden,SWE,1992,5.84
Sweden,SWE,1993,5.93
Sweden,SWE,1994,7.180000000000001
Sweden,SWE,1995,6
Sweden,SWE,1996,6.99
Sweden,SWE,1997,7.61
Sweden,SWE,1998,8.17
Sweden,SWE,1999,9.3
Sweden,SWE,2000,11.12
Sweden,SWE,2001,8.62
Sweden,SWE,2002,7.59
Sweden,SWE,2003,7.62
Sweden,SWE,2004,7.870000000000001
Sweden,SWE,2005,8.99
Sweden,SWE,2006,9.53
Sweden,SWE,2007,9.9466
Sweden,SWE,2008,8.989559
Sweden,SWE,2009,8.412637
Sweden,SWE,2010,8.983752
Sweden,SWE,2011,9.008526999999999
Sweden,SWE,2012,8.667366999999999
Sweden,SWE,2013,8.726745
Switzerland,CHE,1933,9.979000000000001
Switzerland,CHE,1934,9.689
Switzerland,CHE,1936,9.936
Switzerland,CHE,1939,11.784
Switzerland,CHE,1943,10.535
Switzerland,CHE,1945,10.485999999999999
Switzerland,CHE,1947,10.011000000000001
Switzerland,CHE,1949,9.875
Switzerland,CHE,1951,9.90975
Switzerland,CHE,1953,9.78005
Switzerland,CHE,1955,9.78155
Switzerland,CHE,1957,10.106
Switzerland,CHE,1959,10.535
Switzerland,CHE,1961,10.866000000000001
Switzerland,CHE,1963,10.91
Switzerland,CHE,1965,10.671999999999999
Switzerland,CHE,1967,10.859
Switzerland,CHE,1969,11.001
Switzerland,CHE,1971,10.809000000000001
Switzerland,CHE,1973,9.767000000000001
Switzerland,CHE,1975,8.787
Switzerland,CHE,1977,8.494
Switzerland,CHE,1979,8.396
Switzerland,CHE,1981,8.397
Switzerland,CHE,1983,8.386000000000001
Switzerland,CHE,1985,9.051
Switzerland,CHE,1987,9.07
Switzerland,CHE,1989,9.218
Switzerland,CHE,1991,8.601
Switzerland,CHE,1993,8.419
Switzerland,CHE,1995,8.48199
Switzerland,CHE,1996,8.849559999999999
Switzerland,CHE,1997,8.8641
Switzerland,CHE,1998,9.09988
Switzerland,CHE,1999,10.2465
Switzerland,CHE,2000,10.42305
Switzerland,CHE,2001,10.060189999999999
Switzerland,CHE,2002,9.32801
Switzerland,CHE,2003,9.3772
Switzerland,CHE,2004,9.64273
Switzerland,CHE,2005,9.83738
Switzerland,CHE,2006,10.30184
Switzerland,CHE,2007,10.91033
Switzerland,CHE,2008,10.960880000000001
Switzerland,CHE,2009,10.539850000000001
Switzerland,CHE,2010,10.627889999999999
Syria,SYR,2004,14.6834213
Taiwan,TWN,1977,6.5172554
Taiwan,TWN,1978,6.549155600000001
Taiwan,TWN,1979,6.2376886
Taiwan,TWN,1980,6.0296858
Taiwan,TWN,1981,5.9291739
Taiwan,TWN,1982,6.2011963
Taiwan,TWN,1983,6.1822937
Taiwan,TWN,1984,6.4983972
Taiwan,TWN,1985,6.838321
Taiwan,TWN,1986,6.7289964
Taiwan,TWN,1987,7.4872103999999995
Taiwan,TWN,1988,7.204121400000001
Taiwan,TWN,1989,8.1432863
Taiwan,TWN,1990,7.792010200000001
Taiwan,TWN,1991,8.048539
Taiwan,TWN,1992,7.4041243
Taiwan,TWN,1993,6.954767400000001
Taiwan,TWN,1994,7.2863430000000005
Taiwan,TWN,1995,7.2957883
Taiwan,TWN,1996,7.2972687999999994
Taiwan,TWN,1997,7.5260037
Taiwan,TWN,1998,8.0024352
Taiwan,TWN,1999,7.9049394
Taiwan,TWN,2000,8.8512351
Taiwan,TWN,2001,9.1464423
Taiwan,TWN,2002,8.574334499999999
Taiwan,TWN,2003,9.1874756
Taiwan,TWN,2004,9.119038699999999
Taiwan,TWN,2005,9.875817300000001
Taiwan,TWN,2006,9.937046800000001
Taiwan,TWN,2007,10.771018699999999
Taiwan,TWN,2008,11.377953999999999
Taiwan,TWN,2009,9.6632304
Taiwan,TWN,2010,11.1987532
Taiwan,TWN,2011,11.7374204
Taiwan,TWN,2012,11.3108705
Taiwan,TWN,2013,10.6765446
Turkey,TUR,1994,28.2573425
Turkey,TUR,2002,22.4534768
Turkey,TUR,2003,21.9653359
Turkey,TUR,2004,21.4645571
Turkey,TUR,2005,18.8885514
Turkey,TUR,2006,17.9605693
Turkey,TUR,2007,17.3618827
Turkey,TUR,2008,18.2738537
Turkey,TUR,2009,19.3840774
Turkey,TUR,2010,19.901955299999997
Turkey,TUR,2011,19.2806883
Turkey,TUR,2012,19.7821161
Turkey,TUR,2013,19.0229134
Turkey,TUR,2014,20.9839055
Turkey,TUR,2015,21.543103
Turkey,TUR,2016,23.4352369
United Arab Emirates,ARE,1998,17.837929799999998
United Arab Emirates,ARE,2009,15.571194199999999
United Kingdom,GBR,1918,19.24
United Kingdom,GBR,1919,19.59
United Kingdom,GBR,1937,16.98
United Kingdom,GBR,1949,11.469999999999999
United Kingdom,GBR,1951,10.89
United Kingdom,GBR,1952,10.2
United Kingdom,GBR,1953,9.719999999999999
United Kingdom,GBR,1954,9.67
United Kingdom,GBR,1955,9.3
United Kingdom,GBR,1956,8.75
United Kingdom,GBR,1957,8.7
United Kingdom,GBR,1958,8.76
United Kingdom,GBR,1959,8.6
United Kingdom,GBR,1960,8.870000000000001
United Kingdom,GBR,1962,8.43
United Kingdom,GBR,1963,8.49
United Kingdom,GBR,1964,8.48
United Kingdom,GBR,1965,8.55
United Kingdom,GBR,1966,7.920000000000001
United Kingdom,GBR,1967,7.6899999999999995
United Kingdom,GBR,1968,7.539999999999999
United Kingdom,GBR,1969,7.46
United Kingdom,GBR,1970,7.049999999999999
United Kingdom,GBR,1971,7.02
United Kingdom,GBR,1972,6.94
United Kingdom,GBR,1973,6.99
United Kingdom,GBR,1974,6.54
United Kingdom,GBR,1975,6.1
United Kingdom,GBR,1976,5.89
United Kingdom,GBR,1977,5.93
United Kingdom,GBR,1978,5.72
United Kingdom,GBR,1979,5.93
United Kingdom,GBR,1981,6.67
United Kingdom,GBR,1982,6.8500000000000005
United Kingdom,GBR,1983,6.83
United Kingdom,GBR,1984,7.16
United Kingdom,GBR,1985,7.3999999999999995
United Kingdom,GBR,1986,7.55
United Kingdom,GBR,1987,7.779999999999999
United Kingdom,GBR,1988,8.63
United Kingdom,GBR,1989,8.67
United Kingdom,GBR,1990,9.8
United Kingdom,GBR,1991,10.32
United Kingdom,GBR,1992,9.86
United Kingdom,GBR,1993,10.36
United Kingdom,GBR,1994,10.6
United Kingdom,GBR,1995,10.75
United Kingdom,GBR,1996,11.899999999999999
United Kingdom,GBR,1997,12.07
United Kingdom,GBR,1998,12.53
United Kingdom,GBR,1999,13.2385958
United Kingdom,GBR,2000,13.508441199999998
United Kingdom,GBR,2001,13.386109199999998
United Kingdom,GBR,2002,13.025819499999999
United Kingdom,GBR,2003,13.2389422
United Kingdom,GBR,2004,13.300376499999999
United Kingdom,GBR,2005,14.223753799999999
United Kingdom,GBR,2006,14.82
United Kingdom,GBR,2007,15.440000000000001
United Kingdom,GBR,2009,15.42
United Kingdom,GBR,2010,12.55
United Kingdom,GBR,2011,12.93
United Kingdom,GBR,2012,12.6969002
United Kingdom,GBR,2013,14.530000000000001
United Kingdom,GBR,2014,13.88
United States,USA,1913,18.8352185
United States,USA,1914,19.327316
United States,USA,1915,18.702569399999998
United States,USA,1916,20.635863
United States,USA,1917,20.1362634
United States,USA,1918,18.9518936
United States,USA,1919,21.007459100000002
United States,USA,1920,18.4026022
United States,USA,1921,18.099041
United States,USA,1922,17.6266133
United States,USA,1923,16.8852579
United States,USA,1924,17.6055493
United States,USA,1925,19.9475709
United States,USA,1926,21.2145577
United States,USA,1927,20.3284272
United States,USA,1928,21.3891527
United States,USA,1929,21.163062399999998
United States,USA,1930,18.0877777
United States,USA,1931,15.032631799999999
United States,USA,1932,13.912739700000001
United States,USA,1933,15.156593800000001
United States,USA,1934,17.1517007
United States,USA,1935,17.3612827
United States,USA,1936,19.2437205
United States,USA,1937,19.0419479
United States,USA,1938,17.1933401
United States,USA,1939,18.4811362
United States,USA,1940,19.3054421
United States,USA,1941,19.4866501
United States,USA,1942,18.4938264
United States,USA,1943,17.1830521
United States,USA,1944,14.8363792
United States,USA,1945,14.279793199999999
United States,USA,1946,14.1565518
United States,USA,1947,14.574716800000001
United States,USA,1948,15.7659463
United States,USA,1949,15.173389100000001
United States,USA,1950,15.8480278
United States,USA,1951,14.943209
United States,USA,1952,14.196335800000002
United States,USA,1953,13.259632499999999
United States,USA,1954,13.4873522
United States,USA,1955,14.128702500000001
United States,USA,1956,13.3885072
United States,USA,1957,13.166288100000001
United States,USA,1958,12.4719669
United States,USA,1959,13.066154099999999
United States,USA,1960,12.5915192
United States,USA,1961,12.4534692
United States,USA,1962,12.5719999
United States,USA,1963,12.746223800000001
United States,USA,1964,12.9199999
United States,USA,1965,12.7784364
United States,USA,1966,12.6409998
United States,USA,1967,12.1449998
United States,USA,1968,12.4189998
United States,USA,1969,11.5109999
United States,USA,1970,10.793
United States,USA,1971,11.084
United States,USA,1972,11.119
United States,USA,1973,11.018999899999999
United States,USA,1974,10.552
United States,USA,1975,10.583000100000001
United States,USA,1976,10.4060001
United States,USA,1977,10.7509999
United States,USA,1978,10.629999900000001
United States,USA,1979,11.15
United States,USA,1980,10.671
United States,USA,1981,11.052
United States,USA,1982,11.264000000000001
United States,USA,1983,11.514000000000001
United States,USA,1984,12.4960001
United States,USA,1985,12.5530001
United States,USA,1986,12.2089999
United States,USA,1987,13.3069998
United States,USA,1988,14.876000000000001
United States,USA,1989,14.465
United States,USA,1990,14.542
United States,USA,1991,13.891
United States,USA,1992,15.013000000000002
United States,USA,1993,14.6440001
United States,USA,1994,14.6870001
United States,USA,1995,15.2829999
United States,USA,1996,15.966999900000001
United States,USA,1997,16.6290001
United States,USA,1998,16.9229999
United States,USA,1999,17.7090002
United States,USA,2000,18.2659999
United States,USA,2001,17.268
United States,USA,2002,17.0580001
United States,USA,2003,17.2020001
United States,USA,2004,18.322
United States,USA,2005,19.372
United States,USA,2006,20.1000002
United States,USA,2007,19.867000100000002
United States,USA,2008,19.519999900000002
United States,USA,2009,18.5409999
United States,USA,2010,19.7999999
United States,USA,2011,19.6
United States,USA,2012,20.779
United States,USA,2013,19.5920002
United States,USA,2014,20.199999799999997
Uruguay,URY,2009,14.2
Uruguay,URY,2010,14.6
Uruguay,URY,2011,14.399999999999999
Uruguay,URY,2012,14.000000000000002
Yemen,YEM,2006,15.704785800000002
Zambia,ZMB,1950,37.236653600000004
Zambia,ZMB,1954,24.3860175
Zambia,ZMB,1955,21.4436755
Zambia,ZMB,1956,21.996269299999998
Zambia,ZMB,1957,23.6764103
Zambia,ZMB,1958,23.1961576
Zimbabwe,ZWE,1945,32.2750413
Zimbabwe,ZWE,1949,33.1897461
Zimbabwe,ZWE,1950,32.6634229
Zimbabwe,ZWE,1951,29.170090799999997
Zimbabwe,ZWE,1952,26.3569576
Zimbabwe,ZWE,1953,25.8139821
Zimbabwe,ZWE,1954,25.326609
Zimbabwe,ZWE,1955,24.585794
Zimbabwe,ZWE,1956,24.126645699999997
Zimbabwe,ZWE,1957,23.0984249
Zimbabwe,ZWE,1958,21.4235305
Zimbabwe,ZWE,1959,21.4031944
Zimbabwe,ZWE,1960,21.8623443
Zimbabwe,ZWE,1961,19.6336899
Zimbabwe,ZWE,1962,19.1229342
Zimbabwe,ZWE,1963,18.9653134
Zimbabwe,ZWE,1964,18.979581
Zimbabwe,ZWE,1965,19.0552422
Zimbabwe,ZWE,1966,18.753303900000002
Zimbabwe,ZWE,1967,19.0086179
Zimbabwe,ZWE,1968,19.6731533
Zimbabwe,ZWE,1969,19.5844797
Zimbabwe,ZWE,1970,20.9625634
Zimbabwe,ZWE,1971,21.4556902
Zimbabwe,ZWE,1972,21.1991695
Zimbabwe,ZWE,1973,21.653007799999997
Zimbabwe,ZWE,1974,20.8688688
Zimbabwe,ZWE,1975,20.4788868
Zimbabwe,ZWE,1976,20.6624286
Zimbabwe,ZWE,1977,19.9828049
Zimbabwe,ZWE,1978,20.3973918
Zimbabwe,ZWE,1980,18.9682354
Zimbabwe,ZWE,1983,14.570218400000002
Zimbabwe,ZWE,1984,16.398710899999998